<?xml version="1.0" encoding="UTF-8"?>

<!DOCTYPE struts PUBLIC
        "-//Apache Software Foundation//DTD Struts Configuration 2.3//EN"
        "http://struts.apache.org/dtds/struts-2.3.dtd">

<struts>

<package name="query" namespace="/" extends="json-default">

    <action name="uploadData" class="action.RoomAction" method="updateData">
        <result name="success">index.jsp</result>
        <result name="error">error.jsp</result>
    </action>

    <action name="test" class="action.RoomAction" method="test">
        <result name="success" type="json">
            <param name="root">room.json</param>
        </result>
    </action>

    <action name="viewRoomDetail" class="action.RoomAction" method="viewRoomDetail">
        <result name="success" type="json">
            <param name="root">room.json</param>
        </result>
    </action>

    <action name="viewRoomList" class="action.RoomAction" method="viewRoomList">
        <result name="success">/room_list.jsp</result>
        <result name="error">/error.jsp</result>
    </action>

</package>

</struts>